zipCode,prem2018,prem2022,premChange,premPctChange,lossRatio,claimFreq,claimSev,nonRenew,nonPay
30537,1921.82,1955.35,33.53,1.74,0.35,0.03,25935,0.01,0
30559,1708.3,1948.88,240.58,14.08,0.35,0.02,29288,0,0
30512,1488.96,1586.62,97.66,6.56,0.34,0.03,17591,0.01,0
30525,1970.35,2021.53,51.18,2.6,0.33,0.03,25540,0.01,0
30560,1838.13,1925.74,87.62,4.77,0.21,0.03,16522,0,0
30546,1624.93,1716.96,92.03,5.66,0.3,0.03,19492,0.01,0
30582,1539.28,1619.96,80.68,5.24,0.23,0.03,14213,0.01,0
28619,835.72,909.05,73.33,8.77,0.25,0.04,6018,0.02,0
27559,1287.54,1440.21,152.67,11.86,0.38,0.04,16867,0.01,0
27843,1370.14,1507.03,136.9,9.99,1.2,0.11,16537,0.02,0
27244,1138.09,1203.99,65.9,5.79,0.51,0.05,12502,0.01,0
27203,937.35,1029.09,91.74,9.79,0.55,0.05,12484,0.02,0
27298,1043.97,1120.71,76.74,7.35,0.44,0.05,10926,0.02,0
27235,1231.34,1303.23,71.89,5.84,0.6,0.08,10827,0.02,0
28054,1092.57,1193.44,100.87,9.23,0.46,0.05,11627,0.03,0
28611,988.94,1115.92,126.97,12.84,0.57,0.03,19666,0.02,0
27208,942.6,1019.92,77.32,8.2,0.55,0.04,16936,0.01,0
28098,1002.6,1119.94,117.34,11.7,0.47,0.06,9592,0.03,0
27249,1009.15,1094.32,85.17,8.44,0.46,0.06,9892,0.02,0
27609,1490.88,1780.08,289.21,19.4,0.47,0.05,17247,0.02,0
28135,1432.86,1505.16,72.3,5.05,0.46,0.06,13192,0.01,0
28447,1508.98,1690.32,181.35,12.02,0.61,0.08,13001,0,0
27820,1197.62,1308.11,110.49,9.23,0.38,0.07,7875,0.03,0
28771,1174.8,1281.79,107,9.11,0.56,0.03,22025,0.01,0
27939,924.43,989.28,64.85,7.02,0.32,0.02,15990,0.01,0
28349,1619.46,1753.19,133.73,8.26,0.41,0.08,8770,0.01,0
28453,1632.7,1712.62,79.92,4.9,0.45,0.09,12189,0.02,0
28745,1310.54,1421.65,111.12,8.48,0.25,0.04,10760,0.01,0
27860,1443.23,1468.06,24.83,1.72,0.12,0.02,9862,0.03,0
27919,1359.53,1318.21,-41.33,-3.04,0.22,0.03,10945,0.01,0
27946,1468.48,1402.9,-65.58,-4.47,0.2,0.04,7516,0.01,0
28742,1145.14,1318.22,173.08,15.11,0.62,0.05,18925,0.01,0
27870,1201.81,1325.1,123.29,10.26,0.29,0.04,10563,0.01,0
27024,1022,1024.46,2.46,0.24,0.67,0.07,11321,0.01,0
28129,1059.77,1137.65,77.88,7.35,0.46,0.05,11846,0.02,0
27522,1238.67,1345.66,106.98,8.64,0.57,0.07,11673,0.03,0
27017,1118.32,1089.26,-29.06,-2.6,0.52,0.05,13123,0.01,0
28128,1107.34,1212.92,105.59,9.54,0.37,0.04,11123,0.01,0
28726,873.56,953.61,80.05,9.16,0.73,0.04,20560,0.01,0
28719,965.97,1066.05,100.08,10.36,0.12,0.01,11633,0.01,0
28789,1160.53,1254.81,94.28,8.12,0.4,0.03,22311,0.01,0
28455,1886.76,2021.68,134.92,7.15,0.7,0.11,15829,0,0
28683,1159.43,1232.95,73.52,6.34,0.26,0.05,7435,0.01,0
27970,1300.12,1288.11,-12.01,-0.92,0.58,0.02,36852,0.03,0
27025,1031.68,1102.75,71.07,6.89,0.52,0.06,10532,0.01,0
27042,1170.96,1228.47,57.51,4.91,0.18,0.04,7341,0.02,0
27014,960.61,1101.03,140.41,14.62,0.39,0.03,12510,0.02,0
28323,1496.69,1695.2,198.5,13.26,0.42,0.1,8957,0.03,0
27357,1117.88,1186.24,68.35,6.11,0.36,0.06,8388,0.02,0
28033,1045.47,1166.75,121.28,11.6,0.68,0.07,9598,0.02,0
28637,869.44,935.1,65.66,7.55,0.39,0.04,8531,0.02,0
27562,1403.53,1426.16,22.63,1.61,0.33,0.04,14877,0.02,0
27502,1404.33,1564.42,160.09,11.4,0.73,0.1,12792,0.02,0
28436,1653.15,1872.82,219.67,13.29,1.55,0.13,23794,0.02,0
27310,1534.62,1634.11,99.49,6.48,0.52,0.07,13211,0.02,0
27409,999.11,1129.69,130.58,13.07,0.51,0.06,10406,0.02,0
27233,1110.9,1161.42,50.52,4.55,0.59,0.06,12178,0.02,0
27263,971.55,1048.89,77.34,7.96,0.56,0.06,10165,0.02,0
28012,1233.67,1333.45,99.78,8.09,0.71,0.08,13868,0.02,0
28606,1162.87,1251.65,88.78,7.63,0.37,0.05,9737,0.01,0
28052,1032,1109.96,77.95,7.55,0.5,0.06,10007,0.02,0
27605,1941.57,2356.3,414.73,21.36,0.28,0.04,25388,0.01,0
27054,1061.26,1193.88,132.62,12.5,0.42,0.05,10426,0.01,0
27606,1449.91,1627.92,178.01,12.28,0.53,0.06,14953,0.02,0
27408,1383.21,1563.29,180.09,13.02,0.6,0.08,13007,0.01,0
27574,1243.11,1295.01,51.9,4.18,0.39,0.04,13365,0.02,0
28562,1260.89,1276.31,15.42,1.22,0.26,0.05,11069,0.02,0
28684,1369.54,1414.14,44.59,3.26,0.5,0.03,28726,0.01,0
28464,1414.88,1616.36,201.47,14.24,0.75,0.13,9769,0.01,0
27927,3489.15,3018.62,-470.53,-13.49,0.09,0.03,11642,0,0
27923,972.86,910.51,-62.35,-6.41,0.2,0.02,13198,0.02,0
27966,1139.21,1126.68,-12.53,-1.1,2.05,0.03,53008,0.02,0
28119,1312.38,1324.7,12.32,0.94,0.91,0.13,9993,0.01,0
28791,1178.78,1297.93,119.16,10.11,0.41,0.05,12256,0.01,0
27932,1336.39,1375.73,39.34,2.94,0.22,0.03,11686,0.02,0
28646,2814.04,3489.14,675.1,23.99,0.17,0.02,28496,0.01,0
27890,1468.41,1580.05,111.63,7.6,0.52,0.06,13733,0.03,0
28777,956.07,1076.92,120.85,12.64,0.26,0.03,11900,0.01,0
28616,1301.96,1275.69,-26.27,-2.02,0.3,0.04,10419,0.01,0
28327,1426.3,1461.78,35.48,2.49,0.32,0.09,8512,0.01,0
28909,1206.43,1318.97,112.55,9.33,0.2,0.02,11557,0.01,0
27924,1642.4,1740.48,98.08,5.97,0.51,0.08,17279,0.02,0
28668,2234.44,2545.35,310.91,13.91,0.1,0.04,6246,0.01,0
28740,1088.05,1144.8,56.75,5.22,0.13,0.02,7378,0.01,0
28073,1034.42,1040.99,6.57,0.63,0.41,0.05,8967,0.01,0
27925,923.34,918.86,-4.48,-0.49,0.26,0.04,6884,0.02,0
28712,1224,1341.51,117.51,9.6,0.5,0.05,14017,0.01,0
28746,1491.4,1538.33,46.93,3.15,0.46,0.05,16449,0.01,0
28364,1465.8,1570.18,104.38,7.12,0.42,0.08,9423,0.02,0
28749,1182.99,1299.58,116.59,9.86,0.6,0.02,22524,0.01,0
27281,1516.93,1490.42,-26.51,-1.75,0.38,0.05,14394,0.01,0
28358,1540.43,1622.98,82.55,5.36,0.46,0.09,12851,0.02,0
28772,1117.89,1284.14,166.25,14.87,0.19,0.04,6887,0.01,0
28328,1587,1652.68,65.69,4.14,0.5,0.08,12802,0.02,0
28762,1116.72,1171.98,55.26,4.95,0.42,0.04,13372,0.01,0
28553,911.67,761.15,-150.53,-16.51,0.15,0.04,5324,0.01,0
28640,1308.43,1365.81,57.38,4.39,0.22,0.03,10537,0.01,0
28557,824.6,963.91,139.31,16.89,0.41,0.05,13139,0.02,0
27936,876.44,1159.83,283.39,32.33,0.18,0.02,14522,0.01,0
27587,1522.96,1677.84,154.88,10.17,0.7,0.08,15732,0.02,0
27508,1218.95,1409.9,190.95,15.67,0.5,0.06,14056,0.03,0
28125,1246.54,1344.54,98,7.86,0.47,0.06,11922,0.01,0
28422,1156.94,1402.25,245.31,21.2,0.36,0.03,30722,0.01,0
28451,977.91,1329.91,352,35.99,0.55,0.06,14301,0.01,0
27517,1836.68,2020.2,183.52,9.99,0.5,0.06,17354,0.01,0
28107,1300.69,1359.2,58.51,4.5,0.44,0.04,14845,0.03,0
28027,1272.01,1360.36,88.36,6.95,0.61,0.07,12076,0.03,0
27613,1561.45,1782.8,221.35,14.18,0.61,0.08,14820,0.02,0
27513,1521.1,1708.16,187.07,12.3,0.61,0.07,14533,0.02,0
27055,1080.08,1081.67,1.59,0.15,0.32,0.05,8055,0.01,0
27601,1257.4,1457.43,200.02,15.91,0.36,0.04,13064,0.02,0
27358,1503.56,1632.23,128.68,8.56,0.58,0.08,13600,0.02,0
27893,1134.94,1252.06,117.13,10.32,0.53,0.07,10247,0.02,0
27704,1109.74,1255.17,145.43,13.11,0.49,0.06,10414,0.02,0
27863,1482.43,1508.92,26.49,1.79,0.48,0.07,11148,0.02,0
28551,1553.48,1634.52,81.04,5.22,0.42,0.07,11093,0.02,0
27803,1342.68,1455.46,112.78,8.4,0.54,0.07,12085,0.02,0
28212,1118.18,1262.56,144.38,12.91,0.56,0.07,10778,0.04,0
27503,1448.79,1616.95,168.16,11.61,0.93,0.1,13733,0.01,0
27807,1210.73,1275.26,64.54,5.33,1.01,0.09,15652,0.01,0
28348,1619.25,1800.69,181.44,11.21,0.58,0.13,9838,0.04,0
27051,1001.12,1082.93,81.81,8.17,0.41,0.05,8731,0.02,0
28226,1787.46,1988.19,200.73,11.23,0.54,0.07,16687,0.02,0
28701,1240.2,1213.64,-26.56,-2.14,0.2,0.02,11072,0.01,0
28214,1194.12,1295.27,101.16,8.47,0.5,0.07,10019,0.05,0
28278,1512.67,1615.7,103.03,6.81,0.44,0.05,15567,0.04,0
28078,1500.13,1600.57,100.44,6.7,0.55,0.07,13568,0.03,0
27856,1225.35,1351.3,125.95,10.28,0.65,0.07,12831,0.02,0
28580,1429.17,1488.61,59.44,4.16,0.41,0.07,9807,0.02,0
28037,1424.23,1466.41,42.18,2.96,0.51,0.05,16049,0.02,0
28412,831.98,1001.88,169.89,20.42,0.41,0.03,18053,0.01,0
27053,1231.8,1110.72,-121.08,-9.83,0.22,0.04,7270,0.02,0
27521,1307.69,1423.02,115.33,8.82,0.7,0.07,14788,0.01,0
28398,1624.05,1735.51,111.46,6.86,0.48,0.11,9699,0.01,0
27239,1140.26,1195.49,55.23,4.84,0.43,0.05,12631,0.01,0
28086,1054.66,1113.93,59.26,5.62,0.48,0.05,11641,0.03,0
28645,937.22,1043.88,106.66,11.38,0.48,0.05,11355,0.02,0
28612,913.5,994.18,80.68,8.83,0.43,0.05,9516,0.01,0
28420,1039.12,1012.42,-26.69,-2.57,0.32,0.03,13055,0.01,0
27407,1103,1229.52,126.52,11.47,0.51,0.06,10671,0.03,0
28449,1040.83,1192.94,152.11,14.61,0.17,0.03,15082,0.01,0
28480,2453.72,2779.18,325.46,13.26,0.3,0.04,29424,0.01,0
27529,1285.65,1437.23,151.58,11.79,1.17,0.12,13316,0.02,0
28147,1146.71,1229.11,82.4,7.19,0.56,0.06,12399,0.02,0
27048,1020.42,1094.48,74.06,7.26,0.39,0.05,10194,0.01,0
27568,1165.8,1238.64,72.84,6.25,0.22,0.04,6774,0.01,0
28041,1143.43,1224.85,81.42,7.12,0.44,0.05,12009,0.01,0
28716,1067.23,1150.84,83.6,7.83,0.38,0.04,11841,0.01,0
28443,934.65,1062.91,128.26,13.72,0.61,0.06,15621,0.01,0
28585,1203.37,1222.48,19.11,1.59,0.79,0.08,15371,0.02,0
27291,1451.98,1411.24,-40.73,-2.81,0.16,0.03,7751,0.01,0
28743,1296.54,1400.26,103.72,8,0.08,0.01,7426,0.01,0
27941,1106.04,1255.57,149.53,13.52,3.8,0.03,185078,0.03,0
27897,1337.66,1363.9,26.24,1.96,0.32,0.07,7528,0.02,0
28739,1324.49,1446.61,122.12,9.22,0.49,0.04,17010,0.01,0
27806,1141.87,1146.15,4.28,0.37,0.1,0.04,4655,0.02,0
28472,1910.06,1898.5,-11.55,-0.6,0.58,0.1,13604,0.01,0
27212,1256.38,1295.1,38.72,3.08,0.66,0.05,20326,0.01,0
27379,1126.51,1186.53,60.03,5.33,0.34,0.05,8717,0.01,0
28906,1145.39,1200.48,55.09,4.81,0.33,0.02,20043,0.01,0
27839,1274.56,1508.13,233.57,18.33,0.76,0.09,10658,0.02,0
27817,1427.84,1345.02,-82.82,-5.8,0.24,0.04,11325,0.01,0
28621,1065.28,1165.74,100.46,9.43,0.29,0.04,9284,0.01,0
28766,1005.6,1217.4,211.8,21.06,0.26,0.03,8806,0.01,0
28623,1107.84,1197.62,89.78,8.1,0.2,0.03,8151,0.01,0
28705,1071.33,1151.74,80.4,7.51,0.21,0.02,10328,0.01,0
28315,1303.16,1335.81,32.65,2.51,0.5,0.1,10831,0.02,0
28736,1979.17,2173.92,194.76,9.84,0.24,0.02,27505,0,0
28707,1134.64,1330.91,196.27,17.3,0.17,0.03,6929,0.01,0
28337,1585.78,1617.04,31.26,1.97,0.78,0.12,12012,0.02,0
28020,1058.66,1020.58,-38.08,-3.6,0.54,0.04,15140,0.01,0
28394,1578.1,1594.94,16.84,1.07,0.44,0.1,10756,0.02,0
27974,1119.94,1240.76,120.82,10.79,0.17,0.03,7380,0.02,0
28373,1157.52,1249.35,91.82,7.93,0.36,0.08,7779,0.01,0
28768,1225.83,1340.13,114.31,9.32,0.5,0.04,16991,0.01,0
28167,1280.44,1314.93,34.49,2.69,0.3,0.04,13000,0.01,0
28018,1200.11,1171.56,-28.56,-2.38,0.49,0.04,15494,0.01,0
27957,2116.81,2216.52,99.71,4.71,0.15,0.04,9141,0.02,0
28644,1223.26,1275.26,52,4.25,0.26,0.03,13939,0.02,0
28718,1105.37,1221.63,116.26,10.52,0.27,0.04,8874,0,0
28654,1144.39,1242.18,97.79,8.55,0.38,0.04,12107,0.01,0
28626,1308.79,1394.72,85.93,6.57,0.23,0.03,13671,0.01,0
28528,970.82,883.73,-87.09,-8.97,0.26,0.06,8425,0.02,0
27582,1151.26,1137.15,-14.11,-1.23,0.46,0.04,12977,0.01,0
28363,1498.16,1468.14,-30.02,-2,0.26,0.08,6528,0.02,0
27954,1050.26,1292.97,242.71,23.11,0.31,0.02,17371,0.04,0
27943,1015.24,1291.78,276.55,27.24,0.19,0.03,11214,0.01,0
28077,871.14,969.73,98.59,11.32,1.46,0.08,34018,0.03,0
28343,1270.22,1381.7,111.48,8.78,0.64,0.1,9965,0.01,0
27295,1053.69,1140.87,87.17,8.27,0.44,0.05,11817,0.01,0
28625,1057.62,1190,132.38,12.52,0.5,0.06,10698,0.02,0
27545,1198.15,1383.18,185.03,15.44,0.55,0.07,11379,0.03,0
27265,1120.79,1230.77,109.98,9.81,0.54,0.06,11202,0.02,0
28678,984.22,1134.25,150.03,15.24,0.52,0.06,10348,0.02,0
28479,821.56,1036.15,214.59,26.12,0.41,0.05,12503,0.01,0
27253,981.42,1088.1,106.68,10.87,0.44,0.05,9838,0.01,0
28104,1613.84,1760.28,146.45,9.07,0.6,0.07,15977,0.03,0
28761,1235.14,1299.48,64.34,5.21,0.39,0.04,14754,0.01,0
28642,914.28,968.67,54.39,5.95,0.53,0.06,9609,0.01,0
27617,1479.77,1660.63,180.86,12.22,0.69,0.07,16331,0.02,0
27519,1539.17,1700.4,161.22,10.47,0.82,0.1,14595,0.02,0
28203,1905.85,2089.34,183.49,9.63,0.49,0.05,23535,0.02,0
27830,1426.6,1539.68,113.08,7.93,1.23,0.13,12735,0.04,0
28574,1057.08,1178.14,121.06,11.45,0.53,0.09,12670,0.02,0
28546,1003.91,1055.84,51.93,5.17,0.7,0.1,13174,0.02,0
28206,1015.79,1158.27,142.47,14.03,0.54,0.06,10951,0.04,0
28333,1325.82,1443.21,117.39,8.85,0.39,0.07,9035,0.02,0
28513,1490.74,1586.96,96.22,6.45,0.4,0.06,12843,0.02,0
28312,1712.83,1844.6,131.77,7.69,0.53,0.1,13452,0.03,0
27837,1591.71,1647.65,55.94,3.51,0.27,0.05,9537,0.01,0
27878,1062.3,1165.23,102.94,9.69,0.62,0.07,8436,0.01,0
27829,1491.65,1493.91,2.26,0.15,0.34,0.06,9500,0.01,0
28715,1098.29,1190.66,92.37,8.41,0.34,0.03,12478,0.01,0
28395,1538.95,1672.13,133.18,8.65,0.51,0.1,9497,0.02,0
27050,1106.74,1149.36,42.62,3.85,0.39,0.05,11210,0.02,0
27886,1294.02,1406.53,112.52,8.7,0.6,0.07,13085,0.01,0
27572,1330.87,1424.29,93.41,7.02,0.43,0.05,12018,0.01,0
28753,1302.5,1383.88,81.38,6.25,0.13,0.02,8826,0.01,0
27009,1186.65,1280.7,94.06,7.93,0.51,0.06,11319,0.01,0
28216,1257.68,1392.35,134.68,10.71,0.52,0.08,9433,0.04,0
28031,1784.21,1976.74,192.53,10.79,0.48,0.06,17315,0.02,0
28401,859.2,990.58,131.37,15.29,0.83,0.05,23084,0.02,0
28504,1629.12,1767.08,137.96,8.47,0.36,0.07,9678,0.02,0
28609,1133.64,1272.99,139.35,12.29,0.55,0.05,14641,0.02,0
27549,1330.73,1429.25,98.53,7.4,0.52,0.05,14943,0.02,0
27292,1049.91,1147.8,97.89,9.32,0.4,0.04,11443,0.01,0
27801,1238.16,1382.7,144.54,11.67,0.44,0.07,9210,0.02,0
28110,1165.69,1250.76,85.07,7.3,0.58,0.06,12328,0.03,0
27011,1044.15,1001.95,-42.2,-4.04,0.37,0.05,8566,0.01,0
27607,1611.41,1899.69,288.28,17.89,0.32,0.04,13978,0.01,0
27713,1316.93,1456.23,139.3,10.58,0.48,0.06,11634,0.02,0
27518,1815.21,2045.54,230.34,12.69,0.64,0.08,16568,0.01,0
28071,1221.8,1299.89,78.09,6.39,0.48,0.05,13171,0.02,0
28202,1564.1,1685.07,120.96,7.73,0.55,0.07,16611,0.02,0
27883,1261.95,1380.69,118.74,9.41,0.8,0.07,15288,0.02,0
28540,965.32,1001.81,36.49,3.78,0.66,0.1,13101,0.01,0
27569,1316.34,1381.95,65.61,4.98,0.47,0.06,13509,0.02,0
27260,890.35,993.71,103.37,11.61,0.63,0.07,10089,0.03,0
28578,1488.88,1536.19,47.31,3.18,0.38,0.08,8168,0.01,0
28590,1552.84,1661.89,109.05,7.02,0.33,0.05,11047,0.01,0
28305,2027.65,2134.23,106.58,5.26,0.29,0.07,10701,0.03,0
28314,1649.72,1839.98,190.26,11.53,0.66,0.14,10915,0.03,0
27812,1662.85,1634.11,-28.74,-1.73,0.21,0.04,8887,0.01,0
28344,1633.94,1738.96,105.03,6.43,0.39,0.08,7668,0.02,0
28759,1257.61,1373.01,115.4,9.18,0.42,0.04,14049,0.01,0
27021,977.51,1054.64,77.13,7.89,0.47,0.06,9587,0.01,0
28356,1692.53,1836.82,144.29,8.52,0.55,0.12,11607,0.03,0
28269,1343.91,1456.65,112.74,8.39,0.57,0.08,11657,0.04,0
27406,1101.47,1218.97,117.5,10.67,0.59,0.07,10508,0.03,0
28658,979.07,1064.83,85.76,8.76,0.59,0.06,11706,0.02,0
28405,995.41,1175.01,179.6,18.04,0.53,0.05,19335,0.01,0
27541,1323.91,1245.13,-78.79,-5.95,0.85,0.04,28770,0.01,0
27016,1166.9,1058.21,-108.69,-9.31,0.32,0.04,9529,0.01,0
27030,972.86,1045.07,72.21,7.42,0.41,0.05,10180,0.02,0
28341,1618.73,1663.4,44.67,2.76,0.51,0.08,18611,0.02,0
27370,1058.64,1115.2,56.57,5.34,0.6,0.06,13546,0.02,0
28112,1193.98,1295.91,101.93,8.54,0.49,0.05,12433,0.02,0
28127,1429.02,1521.9,92.88,6.5,0.5,0.04,19137,0.01,0
28671,850.95,883.87,32.91,3.87,0.66,0.06,8514,0.03,0
28034,1007.09,1107.46,100.37,9.97,0.55,0.05,13615,0.03,0
27282,1191.66,1290.75,99.1,8.32,0.52,0.07,10900,0.02,0
28428,885.62,998.93,113.32,12.8,0.36,0.02,12936,0.01,0
27313,1144,1249.07,105.07,9.18,0.78,0.08,12653,0.02,0
27577,1258.63,1356.58,97.95,7.78,0.59,0.07,12913,0.02,0
28366,1436.31,1467.58,31.27,2.18,0.5,0.08,12487,0.01,0
27326,1144.35,1149.01,4.67,0.41,1.05,0.1,12162,0.01,0
28144,1270.64,1393.46,122.82,9.67,0.58,0.06,13660,0.02,0
28137,1330.51,1218.78,-111.73,-8.4,0.27,0.04,10648,0.01,0
27608,1942.67,2334.59,391.92,20.17,0.38,0.04,21948,0.01,0
27027,911.89,963.28,51.39,5.64,0.41,0.04,10796,0.01,0
28088,1098.25,1168.99,70.73,6.44,0.42,0.05,10642,0.03,0
28170,1268.74,1326.18,57.44,4.53,0.88,0.07,18169,0.01,0
28692,1374.07,1503.35,129.28,9.41,0.28,0.02,19533,0.01,0
28782,1359.21,1504.9,145.7,10.72,0.49,0.07,11800,0.01,0
28091,1254.61,1375.82,121.21,9.66,0.66,0.07,12475,0.01,0
28573,1292.15,1310.57,18.42,1.43,0.42,0.06,12663,0.03,0
27810,1378.03,1366.88,-11.15,-0.81,0.13,0.03,7733,0.02,0
27804,1327.97,1447.09,119.12,8.97,0.58,0.07,13769,0.02,0
28650,956.72,1042.74,86.02,8.99,0.44,0.05,10407,0.01,0
27028,1086.1,1160.34,74.23,6.83,0.4,0.04,11878,0.01,0
28508,1566.41,1600.06,33.65,2.15,0.62,0.09,16798,0.02,0
28090,1101.46,1141.79,40.33,3.66,0.49,0.05,13450,0.01,0
28638,859.61,933.27,73.66,8.57,0.47,0.05,10016,0.02,0
27350,986.03,1055.08,69.05,7,0.44,0.05,10005,0.01,0
28469,1036.08,1307.44,271.36,26.19,0.51,0.02,35242,0.01,0
28409,942.53,1063.67,121.14,12.85,0.44,0.04,15146,0.01,0
27455,1285.89,1424.91,139.02,10.81,0.61,0.07,12738,0.02,0
27248,965.64,1072.58,106.94,11.07,0.43,0.05,10642,0.02,0
27341,1026.54,1102.48,75.94,7.4,0.5,0.04,15513,0.01,0
27325,1001.41,1076.07,74.66,7.46,0.41,0.04,12209,0.01,0
28023,1112.95,1194.46,81.52,7.32,0.57,0.05,14009,0.02,0
28478,1189.58,1094.95,-94.63,-7.95,0.36,0.05,10889,0.01,0
27842,1605.25,1681.12,75.87,4.73,0.41,0.05,14164,0.01,0
27343,1613.64,1631.61,17.96,1.11,0.5,0.03,28477,0.01,0
27958,1217.03,1478.54,261.5,21.49,0.31,0.02,21146,0.02,0
28393,1835.29,1662.47,-172.82,-9.42,0.41,0.07,14683,0.01,0
27876,1415.87,1472.88,57.01,4.03,0.3,0.06,9016,0.01,0
28618,1212.56,1310.76,98.21,8.1,0.25,0.04,9834,0.01,0
27824,1319.17,1813.39,494.22,37.46,0.07,0.02,5360,0.03,0
28773,1250.95,1403.31,152.36,12.18,0.59,0.05,18539,0.01,0
27007,1144.3,1169.72,25.42,2.22,0.22,0.03,7266,0.01,0
28731,1339.06,1438.81,99.75,7.45,0.36,0.04,13424,0.01,0
27615,1584.45,1822.88,238.43,15.05,0.53,0.07,14901,0.02,0
28790,1299.71,1467.28,167.57,12.89,0.38,0.05,11845,0.01,0
28713,1249.57,1280.6,31.03,2.48,0.29,0.03,14847,0.01,0
28430,1879,1914.18,35.19,1.87,0.35,0.08,8998,0.01,0
28150,1132.59,1216.27,83.69,7.39,0.53,0.05,13767,0.01,0
27563,1109.79,1212.07,102.28,9.22,0.61,0.05,15450,0.01,0
27921,1145.75,1207.23,61.47,5.37,0.46,0.03,20115,0.02,0
27356,1193.33,1283.8,90.47,7.58,0.37,0.03,18691,0.01,0
28631,1190.27,1291.45,101.18,8.5,0.08,0.01,5306,0,0
27209,1131.16,1164.86,33.7,2.98,0.54,0.05,16526,0.01,0
27507,1385.87,1389.93,4.06,0.29,0.27,0.06,7385,0.01,0
27846,1575.27,1652.89,77.62,4.93,0.23,0.05,7741,0.01,0
28708,1066.36,1095.77,29.41,2.76,0.25,0.04,7205,0.01,0
28649,1190.4,1219.9,29.5,2.48,0.28,0.05,8225,0.01,0
28763,1048.99,1142.29,93.3,8.89,0.39,0.03,16663,0.01,0
28615,1165.65,1213.99,48.34,4.15,0.1,0.02,7811,0.01,0
28385,1471.14,1617.17,146.03,9.93,0.4,0.07,9654,0.02,0
28511,705.56,777.96,72.41,10.26,0.28,0.04,8382,0.01,0
27537,1251.59,1249.84,-1.75,-0.14,0.54,0.06,11641,0.01,0
27262,1284.58,1423.01,138.43,10.78,0.46,0.05,13296,0.02,0
27012,1243.64,1335.49,91.85,7.39,0.48,0.06,12567,0.01,0
28117,1689.97,1884.6,194.64,11.52,0.61,0.07,18128,0.02,0
28660,1032.05,1197.62,165.57,16.04,0.4,0.05,10070,0.02,0
28636,900.13,1021.86,121.74,13.52,0.65,0.05,15252,0.01,0
27516,1448.33,1572.03,123.7,8.54,0.48,0.06,14808,0.01,0
28628,820.31,972.96,152.65,18.61,0.1,0.03,3208,0.01,0
27320,1022.94,1069.96,47.02,4.6,0.68,0.08,9710,0.01,0
28075,1457.09,1543.54,86.45,5.93,0.45,0.06,12231,0.03,0
27214,1189.24,1297.11,107.87,9.07,0.65,0.08,11271,0.02,0
27604,1211.14,1376.12,164.98,13.62,0.48,0.07,10711,0.03,0
27101,1124.84,1271.21,146.37,13.01,0.4,0.06,9693,0.02,0
27858,1723.73,1812.03,88.3,5.12,0.31,0.05,13020,0.02,0
28584,913.49,1010.69,97.2,10.64,0.7,0.06,18815,0.01,0
27530,1597.45,1618.23,20.78,1.3,0.44,0.07,12618,0.02,0
28555,904.42,943.08,38.66,4.28,0.64,0.09,8425,0.02,0
27851,1131.9,1247.85,115.94,10.24,0.53,0.06,14678,0.02,0
27104,1486.59,1640.27,153.68,10.34,0.37,0.05,12766,0.01,0
27896,1307.01,1397.43,90.41,6.92,0.63,0.08,11682,0.01,0
27707,1410.53,1601.99,191.46,13.57,0.36,0.05,11305,0.02,0
28303,1671.93,1831.24,159.31,9.53,0.48,0.09,13209,0.03,0
27703,1150.14,1275.73,125.6,10.92,0.47,0.06,10420,0.02,0
27884,1699,1761.98,62.98,3.71,0.61,0.06,21846,0.02,0
27852,1304.09,1457.41,153.33,11.76,0.56,0.05,17507,0.01,0
28805,1162.34,1289.97,127.63,10.98,0.31,0.04,11397,0.01,0
27524,1220.94,1319.37,98.43,8.06,0.53,0.06,13468,0.02,0
27712,1342.71,1517.63,174.93,13.03,0.55,0.07,12976,0.01,0
28209,1522.32,1732.94,210.61,13.84,0.64,0.05,23838,0.02,0
28384,1500.41,1635.79,135.37,9.02,0.54,0.09,12786,0.03,0
28277,1793.46,1924.83,131.36,7.32,0.53,0.06,18717,0.02,0
27023,1330.84,1440.32,109.48,8.23,0.49,0.05,14541,0.02,0
28613,939.15,1030.57,91.41,9.73,0.62,0.06,11394,0.02,0
27401,1049.2,1157.18,107.98,10.29,1.08,0.09,12577,0.02,0
27501,1335.58,1439.02,103.44,7.75,0.62,0.08,12786,0.02,0
27504,1240.67,1299.74,59.07,4.76,0.56,0.07,12007,0.02,0
27046,1158.6,1061.68,-96.92,-8.37,0.3,0.04,9718,0.01,0
27546,1458.16,1619.28,161.12,11.05,0.54,0.08,12847,0.02,0
27332,1444.1,1594.26,150.16,10.4,0.49,0.07,12444,0.02,0
28080,1258.28,1315.05,56.76,4.51,0.41,0.05,12540,0.01,0
27526,1326.74,1429.56,102.83,7.75,0.7,0.08,13876,0.02,0
27592,1260.47,1405.41,144.94,11.5,1,0.09,14961,0.02,0
27330,1306.89,1388.8,81.91,6.27,0.35,0.04,13099,0.01,0
28690,905.12,1005.5,100.38,11.09,0.51,0.05,12360,0.01,0
28630,961.92,1064.1,102.18,10.62,0.49,0.05,10635,0.02,0
28120,1156.09,1232.19,76.11,6.58,0.55,0.06,12100,0.03,0
28411,946.35,1191.77,245.42,25.93,0.41,0.04,15613,0.01,0
27301,1089.26,1233.86,144.6,13.28,0.48,0.07,9731,0.02,0
27283,1100.68,1176.15,75.47,6.86,0.48,0.06,10296,0.02,0
28605,1756.49,1941.24,184.76,10.52,0.21,0.03,15310,0.01,0
28056,1158.11,1269.32,111.21,9.6,0.5,0.05,12618,0.02,0
27316,975.84,1034.28,58.45,5.99,0.44,0.05,10382,0.02,0
28036,1810.07,1887.08,77.01,4.25,0.46,0.05,17543,0.03,0
28624,1228.54,1341.65,113.11,9.21,0.83,0.05,27368,0.01,0
28146,1128,1221.31,93.31,8.27,0.6,0.07,12027,0.03,0
27576,1250.82,1310.44,59.63,4.77,0.57,0.06,13605,0.02,0
27573,1007.97,1097.42,89.45,8.87,0.56,0.05,17528,0.02,0
27832,1294.88,1422.49,127.61,9.85,0.26,0.05,8831,0.01,0
28421,1201.97,1117.49,-84.47,-7.03,0.86,0.06,31575,0.01,0
28435,1260.26,1353.25,92.99,7.38,0.44,0.07,11665,0.02,0
28679,1365.84,1469.4,103.56,7.58,0.19,0.02,13252,0.01,0
27565,1308.5,1290.86,-17.64,-1.35,0.5,0.07,11528,0.01,0
27831,1170.01,1328.65,158.64,13.56,0.36,0.05,10178,0.02,0
28751,1237.17,1362.64,125.47,10.14,0.25,0.03,12665,0.01,0
28431,1716.67,1867.55,150.89,8.79,0.67,0.09,18446,0.02,0
28604,1584.6,1782.02,197.42,12.46,0.34,0.03,23997,0.01,0
28009,1057.93,1203.14,145.21,13.73,0.32,0.06,6770,0.02,0
27892,1434.55,1526.54,91.99,6.41,0.36,0.06,9703,0.01,0
28676,1227.15,1326.92,99.78,8.13,0.41,0.05,12861,0.01,0
28438,1855.67,2027.93,172.26,9.28,0.42,0.09,10769,0.02,0
28463,1928.89,1917.4,-11.5,-0.6,0.49,0.08,17542,0.02,0
28774,1946.66,2170.17,223.51,11.48,0.76,0.02,76479,0,0
28779,1127.55,1249.2,121.65,10.79,0.21,0.03,11342,0.01,0
27551,1344.3,1473.17,128.88,9.59,0.53,0.04,21933,0.02,0
28556,1079.23,899.76,-179.48,-16.63,0.77,0.05,31951,0.02,0
27553,1263.13,1298.42,35.29,2.79,0.7,0.08,14506,0.01,0
27986,1367.65,1432.08,64.42,4.71,0.31,0.05,11771,0.01,0
27983,1548.03,1649.12,101.1,6.53,0.52,0.05,19033,0.02,0
27306,1376.81,1420.1,43.29,3.14,0.34,0.05,12693,0.01,0
28357,1630.81,1699.62,68.81,4.22,1,0.12,23828,0.02,0
28747,2169.88,2394.9,225.02,10.37,0.25,0.03,23473,0.01,0
27509,1047.61,1123.13,75.52,7.21,0.56,0.07,10533,0.02,0
28516,944.55,955.4,10.85,1.15,0.79,0.05,25941,0.01,0
27948,1534.8,1634.05,99.25,6.47,0.16,0.02,16193,0.03,0
27938,1381.96,1481.04,99.08,7.17,0.45,0.06,12786,0.02,0
27920,917.23,1028.41,111.18,12.12,0.18,0.01,19353,0.01,0
28775,1881.88,1669.25,-212.63,-11.3,0.39,0.02,43771,0,0
28101,1256.91,1330.08,73.17,5.82,0.54,0.05,16632,0.01,0
28352,1368.08,1494.34,126.26,9.23,0.66,0.09,15610,0.02,0
27980,1394.57,1421.53,26.95,1.93,0.5,0.03,12660,0.02,0
28729,1020.45,1158.92,138.47,13.57,0.45,0.05,11232,0.01,0
28001,1113.66,1191.85,78.19,7.02,0.44,0.05,11603,0.02,0
27823,1397.93,1505.43,107.5,7.69,0.39,0.05,11515,0.02,0
27311,1110.76,1073.66,-37.1,-3.34,0.4,0.07,6607,0.02,0
28710,958.87,1146.26,187.39,19.54,0.77,0.04,11398,0,0
27299,1003.23,1099.2,95.97,9.57,0.34,0.05,7804,0.01,0
28163,1199.95,1242.6,42.65,3.55,0.4,0.05,11921,0.02,0
27874,1384.31,1448.46,64.15,4.63,0.49,0.07,10993,0.02,0
28320,1439.63,1493.75,54.12,3.76,0.72,0.08,21359,0.02,0
28783,1348.8,1491.12,142.32,10.55,0.16,0.02,14664,0.01,0
28152,1019.36,1092.58,73.21,7.18,0.47,0.05,11271,0.02,0
28675,1081.99,1226.47,144.48,13.35,0.29,0.03,13099,0.01,0
28904,1410.48,1494.71,84.23,5.97,0.35,0.03,16628,0.01,0
28529,922.76,847.24,-75.52,-8.18,0.68,0.05,26918,0.02,0
27928,997.44,1000.99,3.55,0.36,0.23,0.03,7392,0.02,0
28560,1178.35,1201.57,23.23,1.97,0.55,0.06,18650,0.02,0
28434,1812.46,1833.23,20.78,1.15,0.49,0.1,12519,0.04,0
28040,984.43,1048.2,63.77,6.48,0.67,0.06,13298,0.01,0
27909,1141.91,1227.73,85.82,7.52,0.23,0.02,12894,0.02,0
28714,1212.15,1266.28,54.13,4.47,0.25,0.03,13275,0.01,0
28377,1542.95,1583.42,40.47,2.62,0.58,0.08,18222,0.02,0
28685,1083.41,1225.74,142.33,13.14,0.18,0.04,6478,0.01,0
28043,1025.63,1096.58,70.95,6.92,0.51,0.05,11888,0.01,0
28383,1532.56,1547.32,14.76,0.96,0.36,0.08,8147,0.01,0
28372,1531.28,1631.11,99.84,6.52,0.41,0.07,12127,0.02,0
28570,854.72,895.26,40.54,4.74,0.53,0.05,15551,0.01,0
28379,1211.16,1313.24,102.08,8.43,0.37,0.06,8239,0.02,0
28643,1157.98,1224.64,66.66,5.76,0.28,0.02,16538,0.01,0
28594,1016.33,1067.77,51.45,5.06,0.54,0.06,18635,0.01,0
28345,1207.62,1352.36,144.74,11.99,0.38,0.07,8157,0.02,0
27915,855.14,1191.23,336.09,39.3,0.16,0.03,4924,0,0
27857,1338.9,1544.08,205.18,15.32,0.37,0.08,7662,0.01,0
27864,1235.59,1425.71,190.12,15.39,0.26,0.05,7443,0.01,0
28032,1304.65,1398.31,93.66,7.18,0.43,0.05,12862,0.02,0
27360,1025.51,1105.74,80.23,7.82,0.59,0.06,11362,0.02,0
27597,1230.68,1316.52,85.84,6.97,0.64,0.06,15423,0.04,0
27571,1396.28,1561.57,165.29,11.84,0.59,0.07,13506,0.02,0
27544,1392.71,1257.89,-134.82,-9.68,0.4,0.06,8911,0.02,0
28634,1005.92,1137.08,131.16,13.04,0.49,0.05,12972,0.02,0
27013,1165.01,1271.94,106.93,9.18,0.4,0.05,12254,0.01,0
28655,983.7,1093.63,109.93,11.17,0.47,0.05,10689,0.01,0
27355,1017.63,1132.53,114.9,11.29,0.55,0.05,13575,0.01,0
28641,1196.38,1398.5,202.12,16.89,0.14,0.03,6201,0.01,0
28025,1244.96,1318.9,73.94,5.94,0.58,0.06,13428,0.03,0
28097,1072.68,1122.98,50.3,4.69,0.35,0.04,10201,0.03,0
28801,1325.62,1477.44,151.82,11.45,0.19,0.03,10019,0.01,0
28445,1059.82,1105.86,46.04,4.34,0.79,0.06,25745,0.01,0
28539,990.41,1039.15,48.74,4.92,0.73,0.09,16251,0.01,0
28582,1153.53,1019.98,-133.55,-11.58,0.34,0.05,17144,0.01,0
27103,1036.72,1151.89,115.17,11.11,0.45,0.05,11590,0.02,0
28803,1432.87,1651.74,218.87,15.28,0.26,0.03,13029,0.01,0
27880,1310.1,1377.76,67.65,5.16,0.96,0.1,13732,0.01,0
27278,1311.54,1449.79,138.24,10.54,0.44,0.05,14240,0.01,0
27871,1388.41,1530.59,142.18,10.24,0.21,0.05,7748,0.01,0
28382,1499.86,1647.2,147.34,9.82,0.47,0.08,11022,0.03,0
28704,1241.15,1429.43,188.28,15.17,0.44,0.04,14595,0.01,0
28207,3042.73,3557.93,515.2,16.93,0.41,0.05,30013,0.01,0
28270,1713.62,1877.1,163.48,9.54,0.55,0.07,15700,0.02,0
27596,1413.62,1463.85,50.23,3.55,0.55,0.06,13778,0.03,0
27816,1321.42,1280.22,-41.21,-3.12,0.5,0.05,13994,0.01,0
27844,1333.61,1470.64,137.04,10.28,0.4,0.06,10509,0.02,0
27603,1284.5,1458.6,174.1,13.55,1.16,0.11,14688,0.02,0
27882,1274.23,1380.05,105.82,8.3,0.44,0.05,12523,0.02,0
27312,1388.77,1546.08,157.31,11.33,0.49,0.05,15507,0.01,0
27018,1159.01,1094.16,-64.85,-5.6,0.44,0.05,12371,0.01,0
28301,1431.46,1607.42,175.96,12.29,0.44,0.1,8375,0.03,0
28306,1737.4,1907.19,169.79,9.77,0.55,0.12,11286,0.03,0
28454,1160.65,1284.15,123.5,10.64,0.47,0.07,12112,0.02,0
28804,1436.11,1595.21,159.1,11.08,0.28,0.03,15664,0.01,0
28204,1726.01,1808.8,82.79,4.8,0.52,0.04,25525,0.02,0
28521,1440.21,1570.82,130.61,9.07,0.95,0.12,14215,0.01,0
28586,991.34,1095.86,104.52,10.54,0.5,0.05,15856,0.01,0
28215,1235.96,1266.6,30.64,2.48,0.5,0.07,9932,0.06,0
27828,1498.63,1607.63,109.01,7.27,0.31,0.05,11245,0.01,0
28211,1992.28,2339.88,347.6,17.45,0.41,0.06,17395,0.02,0
28105,1434.87,1561.73,126.86,8.84,0.58,0.07,13332,0.03,0
28210,1528.73,1696.46,167.73,10.97,0.62,0.07,15443,0.02,0
28391,1553.45,1621.78,68.33,4.4,0.65,0.1,16383,0.03,0
27583,1293.85,1181.75,-112.1,-8.66,0.42,0.05,10621,0.01,0
28732,1192.73,1319.12,126.39,10.6,0.33,0.04,10321,0.01,0
27043,1169.59,1212.54,42.95,3.67,0.44,0.05,13411,0.02,0
28711,1173.05,1285.24,112.19,9.56,0.31,0.04,12126,0.01,0
28371,1688.61,1850.21,161.6,9.57,0.68,0.14,12319,0.04,0
27284,1097.33,1187.4,90.07,8.21,0.59,0.07,10851,0.02,0
28792,1057.52,1166.83,109.32,10.34,0.37,0.04,11441,0.01,0
28273,1225.72,1334.14,108.42,8.85,0.49,0.07,10576,0.04,0
28501,1567.92,1807.36,239.43,15.27,0.39,0.07,10890,0.02,0
28525,1430.34,1652.57,222.22,15.54,0.52,0.08,13037,0.02,0
28610,970.38,1054.8,84.42,8.7,0.48,0.06,9906,0.02,0
27405,949.49,1063.4,113.9,12,0.69,0.08,9690,0.04,0
27302,1047.36,1134.48,87.12,8.32,0.46,0.05,11114,0.02,0
28682,1504.96,1602.15,97.19,6.46,0.25,0.03,12376,0.01,0
27891,1300.16,1459.88,159.72,12.28,0.48,0.06,12065,0.01,0
27022,1249.81,1135.13,-114.68,-9.18,0.46,0.05,18718,0.01,0
28164,1170.56,1269.06,98.5,8.41,0.48,0.05,11962,0.02,0
27505,1348.61,1392.65,44.04,3.27,0.3,0.06,8779,0.01,0
27205,1055.16,1137.68,82.53,7.82,0.53,0.05,12504,0.01,0
27371,1252.6,1342.16,89.56,7.15,0.27,0.04,10267,0.01,0
28016,986.18,1090.05,103.87,10.53,0.36,0.04,9645,0.02,0
28468,996.6,1195.7,199.1,19.98,0.2,0.02,16008,0.01,0
28467,882.4,1210.35,327.96,37.17,0.25,0.03,15081,0.01,0
28456,1754.46,1807.02,52.56,3,0.85,0.13,13647,0.02,0
27288,948.32,1075.45,127.13,13.41,0.48,0.06,8631,0.02,0
27610,1198.81,1361.68,162.87,13.59,0.56,0.09,9253,0.03,0
27612,1509,1753.33,244.32,16.19,0.57,0.06,17687,0.01,0
28607,1345.45,1462.47,117.03,8.7,0.33,0.03,16653,0.01,0
28457,813.16,984.32,171.16,21.05,0.67,0.05,19592,0.01,0
28722,1181.04,1308.85,127.81,10.82,0.6,0.06,14518,0.01,0
27855,1343.64,1409.02,65.38,4.87,1.79,0.18,13586,0.02,0
27305,1204.59,1219.58,14.99,1.24,0.43,0.05,12653,0.02,0
27950,1596.92,1796.99,200.07,12.53,0.33,0.03,21371,0.01,0
28702,1447.33,1449.76,2.43,0.17,0.12,0.02,8064,0.01,0
27944,1541.16,1516.04,-25.12,-1.63,0.1,0.02,8682,0.02,0
27929,914.03,1112.25,198.22,21.69,0.53,0.03,19331,0.01,0
27964,1282.28,1281.08,-1.2,-0.09,0.2,0.02,11336,0.01,0
28785,1243.9,1307.16,63.26,5.09,0.29,0.03,12996,0.01,0
28139,1248.22,1259.53,11.3,0.91,0.46,0.05,11801,0.01,0
27869,1284.48,1347.84,63.36,4.93,0.34,0.06,8925,0.02,0
27808,1264.77,1279.2,14.42,1.14,0.27,0.03,12880,0.01,0
28905,1142.97,1275.86,132.89,11.63,0.39,0.03,17712,0.01,0
28748,1079.17,1184.73,105.56,9.78,0.35,0.03,14159,0.01,0
28334,1370.42,1478.91,108.49,7.92,0.68,0.09,13156,0.02,0
27040,1186.82,1265.78,78.96,6.65,0.43,0.05,11562,0.01,0
28757,1500.67,1582.4,81.73,5.45,0.39,0.03,22240,0,0
28390,1620.95,1841.25,220.3,13.59,0.61,0.11,12442,0.03,0
28602,974.18,1059.65,85.47,8.77,0.54,0.06,9877,0.01,0
28429,777.45,934.87,157.42,20.25,0.6,0.05,14623,0.01,0
28538,1390.21,1535.39,145.18,10.44,0.35,0.06,8232,0.03,0
28092,1051.2,1139.17,87.97,8.37,0.57,0.06,12058,0.01,0
27041,1068.78,1103.86,35.07,3.28,0.26,0.04,7857,0.02,0
28006,1168.28,1184.7,16.42,1.41,0.29,0.03,12285,0.02,0
28173,1829.74,1954.8,125.05,6.83,0.54,0.06,19354,0.03,0
28103,1196.49,1306.76,110.28,9.22,0.56,0.06,13730,0.02,0
27523,1471.76,1538.67,66.91,4.55,0.65,0.07,15124,0.02,0
27252,1158.9,1282.94,124.04,10.7,0.97,0.06,24397,0.01,0
28470,819.61,1036.86,217.24,26.51,0.27,0.02,14381,0.01,0
28462,913.79,1075.03,161.24,17.65,0.4,0.03,19334,0.01,0
27317,981.56,1075.56,94,9.58,0.6,0.06,10460,0.02,0
28133,1440.69,1511.01,70.31,4.88,0.48,0.05,15066,0.01,0
27410,1242.65,1383.91,141.26,11.37,0.64,0.08,12219,0.02,0
28442,1873.38,2081.53,208.15,11.11,0.59,0.11,11522,0.02,0
28622,1254.94,1395.28,140.34,11.18,0.43,0.03,22210,0.01,0
28432,1938.84,1847.24,-91.59,-4.72,0.81,0.09,25329,0.02,0
28433,1759.08,1746.87,-12.21,-0.69,0.54,0.1,9030,0.02,0
27814,1456.15,1491.53,35.38,2.43,0.13,0.03,9666,0.01,0
28717,2513.95,3112.68,598.74,23.82,0.27,0.03,33823,0,0
27976,1291.78,1431.84,140.06,10.84,0.25,0.04,10421,0.01,0
27910,1414.76,1384.12,-30.63,-2.17,0.33,0.06,9466,0.02,0
28571,935,1057.92,122.92,13.15,0.32,0.06,10348,0.02,0
27376,1508.74,1520.55,11.81,0.78,0.4,0.05,15316,0.01,0
27818,1590.51,1367.96,-222.55,-13.99,0.52,0.06,16446,0.02,0
28734,1076.25,1149.87,73.62,6.84,0.31,0.02,15811,0.01,0
28386,1546.53,1682.65,136.13,8.8,0.68,0.1,16818,0.02,0
28669,1067.79,1096.73,28.93,2.71,0.59,0.05,12907,0.01,0
28670,1103.84,1036.36,-67.49,-6.11,0.46,0.04,12209,0.01,0
27536,1122.14,1253.88,131.73,11.74,0.46,0.06,9997,0.02,0
28392,1622.65,1596.9,-25.75,-1.59,0.53,0.08,12990,0.02,0
28340,1548.32,1577.51,29.19,1.89,0.55,0.08,17711,0.02,0
28160,930.81,1025.28,94.46,10.15,0.76,0.06,13640,0.01,0
28651,948.6,1052.44,103.84,10.95,0.49,0.05,10710,0.01,0
27949,2186.45,2477.24,290.79,13.3,0.23,0.02,33672,0.03,0
28693,1136.79,1223.35,86.56,7.61,0.25,0.02,20467,0,0
28512,1153.04,1201.27,48.23,4.18,0.33,0.04,19674,0.01,0
28617,1039.53,1149.87,110.35,10.62,0.13,0.03,6762,0.01,0
27555,1013.29,1150.24,136.94,13.51,0.28,0.06,7158,0.01,0
27510,1214.61,1357.26,142.66,11.75,0.43,0.05,13053,0.01,0
27377,1131.58,1191.78,60.2,5.32,0.5,0.05,13914,0.02,0
27520,1308.17,1438.73,130.56,9.98,0.8,0.09,13582,0.02,0
28081,1120.18,1211.17,90.99,8.12,0.62,0.07,11450,0.03,0
27527,1461.57,1568.39,106.81,7.31,0.72,0.08,15092,0.02,0
28159,1161.02,1227.83,66.81,5.75,0.39,0.05,10299,0.03,0
28681,974.94,1081.34,106.4,10.91,0.51,0.05,10992,0.01,0
28083,1028.98,1122.23,93.26,9.06,0.61,0.08,9771,0.03,0
28465,1083.7,1242.99,159.29,14.7,0.29,0.03,16037,0.01,0
28721,1152.12,1250.91,98.78,8.57,0.28,0.03,11311,0.01,0
28425,1001.45,1107.48,106.03,10.59,0.6,0.05,20020,0.02,0
27866,1323.15,1505.29,182.14,13.77,0.46,0.07,11468,0.01,0
27862,1526.31,1651.73,125.42,8.22,0.23,0.05,7649,0.03,0
28698,1318.11,1435.21,117.1,8.88,0.22,0.02,14590,0.01,0
28458,1621.74,1830.68,208.94,12.88,0.69,0.1,16951,0.02,0
28466,1818.78,1992.52,173.74,9.55,0.73,0.12,15187,0.01,0
28786,1244.98,1326.22,81.24,6.53,0.24,0.03,11252,0.01,0
27960,1604.49,1436.31,-168.17,-10.48,0.08,0.02,8752,0.03,0
27845,1222.51,1362.63,140.12,11.46,0.57,0.07,12092,0.01,0
27947,1038.28,1076.8,38.52,3.71,0.1,0.02,5899,0.01,0
28756,1466.93,1633.32,166.4,11.34,0.3,0.04,14512,0.01,0
27973,1026.53,1226.49,199.95,19.48,0.2,0.02,21826,0.02,0
28448,1701.59,1817.03,115.44,6.78,0.97,0.13,14315,0,0
28444,1666.61,1839.31,172.7,10.36,0.83,0.09,24255,0.02,0
27850,1555.63,1670.88,115.25,7.41,0.42,0.04,18481,0.01,0
28901,1142.51,1238.89,96.38,8.44,0.21,0.02,11665,0.01,0
28423,2088.59,2166.18,77.59,3.71,0.72,0.12,14566,0.02,0
27865,1404.46,1373.55,-30.92,-2.2,0.11,0.03,5027,0.02,0
28450,1868.43,1911.89,43.46,2.33,0.72,0.11,12818,0.01,0
27315,1208.49,1137.33,-71.15,-5.89,0.38,0.07,5172,0.01,0
27962,1072.39,1161.77,89.38,8.34,0.44,0.03,19702,0.03,0
28735,1061.43,1249.88,188.44,17.75,0.31,0.02,18592,0.01,0
27616,1226.24,1364.08,137.83,11.24,0.58,0.08,10263,0.03,0
28902,1369.1,1476.24,107.14,7.83,0.67,0.02,51613,0.01,0
27047,1123.67,1072.46,-51.22,-4.56,0.26,0.05,7169,0.01,0
28439,1854.19,1768.46,-85.73,-4.62,0.19,0.06,6268,0.01,0
28387,1595.83,1654.59,58.76,3.68,0.33,0.11,9376,0.01,0
28374,1779.66,1859.48,79.82,4.49,0.39,0.07,13857,0.01,0
28663,1378.81,1525.62,146.81,10.65,0.3,0.02,23223,0.01,0
28510,1002.74,1113.59,110.85,11.05,0.38,0.04,17418,0.02,0
28741,2245.12,2584.33,339.2,15.11,0.3,0.02,33308,0.01,0
28114,1150.19,1101.66,-48.52,-4.22,0.74,0.06,15648,0.01,0
27849,1535.16,1617.43,82.27,5.36,0.44,0.07,10002,0.01,0
28659,951.99,1033.23,81.23,8.53,0.42,0.05,10228,0.01,0
28527,1050.65,1056.37,5.72,0.54,0.08,0.03,3920,0.02,0
27229,1198.13,1272.84,74.7,6.24,0.24,0.04,7057,0.01,0
28720,930.99,1449.85,518.86,55.73,0.86,0.04,13822,0.02,0
27979,1363.52,1443.24,79.72,5.85,0.18,0.05,6567,0.01,0
28347,1191.03,1273.31,82.27,6.91,0.53,0.09,8988,0.02,0
28697,1123.88,1222.46,98.57,8.77,0.53,0.05,14318,0.01,0
28338,1264.73,1326.56,61.83,4.89,0.66,0.06,14015,0.01,0
27926,1474.06,1572.95,98.88,6.71,0.26,0.04,12072,0.01,0
27937,1638.61,1784.23,145.62,8.89,0.37,0.06,10035,0.01,0
28531,708.9,786.4,77.5,10.93,0.29,0.05,8131,0.01,0
28524,888.5,778.65,-109.84,-12.36,0.57,0.05,28182,0.02,0
27539,1502.6,1742.16,239.55,15.94,0.77,0.09,16173,0.02,0
27525,1340.42,1337.26,-3.16,-0.24,0.4,0.05,12438,0.02,0
27591,1163.72,1272.28,108.56,9.33,0.59,0.07,11785,0.02,0
27589,1237.9,1348.75,110.84,8.95,0.49,0.05,13803,0.01,0
27614,1974.69,2239.53,264.83,13.41,0.76,0.1,18537,0.02,0
28166,1245.08,1286.09,41.01,3.29,0.47,0.04,15269,0.04,0
27557,1200.35,1295.14,94.79,7.9,0.4,0.05,10706,0.02,0
28115,1168.76,1299.67,130.9,11.2,0.62,0.07,13127,0.03,0
28461,1151.89,1588.11,436.22,37.87,0.57,0.04,23854,0.01,0
27207,1099.38,1219.79,120.41,10.95,0.26,0.03,10504,0.01,0
28124,1255.43,1365.74,110.3,8.79,0.58,0.06,13113,0.01,0
27511,1406.49,1597.78,191.29,13.6,0.49,0.06,14572,0.02,0
27542,1232.8,1341.49,108.68,8.82,0.61,0.06,16203,0.01,0
28518,1476.87,1550.54,73.66,4.99,0.96,0.12,14121,0.02,0
27534,1622.58,1687.14,64.56,3.98,0.35,0.07,10651,0.02,0
27106,1337.95,1459.38,121.43,9.08,0.48,0.06,12994,0.02,0
28544,924.36,903.32,-21.04,-2.28,0.54,0.08,11364,0.02,0
28205,1203.62,1337.65,134.03,11.14,0.43,0.05,12378,0.02,0
28530,1411.55,1552.9,141.35,10.01,0.42,0.06,12820,0.02,0
28806,971.93,1091.71,119.79,12.32,0.31,0.03,11851,0.01,0
27813,1015.3,1202.02,186.72,18.39,0.25,0.05,5626,0.02,0
28213,1260.98,1401.69,140.7,11.16,0.48,0.07,9496,0.04,0
28787,1156.59,1251.36,94.76,8.19,0.29,0.03,13203,0.01,0
28709,1066.3,1226.85,160.55,15.06,0.17,0.02,10145,0.01,0
27019,1099.89,1153.54,53.65,4.88,0.43,0.05,10622,0.02,0
27052,1036.74,1093.68,56.93,5.49,0.34,0.05,8811,0.02,0
27045,1016.31,1115.07,98.76,9.72,0.54,0.06,11433,0.02,0
28311,1734.1,1908.58,174.47,10.06,0.88,0.14,13482,0.03,0
28217,1039.63,1169.9,130.27,12.53,0.38,0.06,7538,0.03,0
28778,1002.07,1101.57,99.5,9.93,0.36,0.03,12581,0.01,0
28730,1286.98,1466.57,179.59,13.95,0.36,0.04,14344,0.01,0
28262,1380.31,1496.33,116.02,8.41,0.54,0.08,10866,0.04,0
28134,1243.7,1353.27,109.57,8.81,0.46,0.05,13409,0.04,0
27514,1819.08,2031.38,212.3,11.67,0.36,0.06,14110,0.01,0
27243,1215.57,1293.59,78.02,6.42,0.57,0.04,18288,0.01,0
27231,1174.52,1285.28,110.76,9.43,0.48,0.05,14019,0.01,0
27809,1351.6,1466.14,114.54,8.47,0.54,0.08,10714,0.01,0
27403,1156.88,1254.14,97.25,8.41,0.61,0.06,12659,0.02,0
27006,1306.28,1370.68,64.4,4.93,0.44,0.05,12086,0.01,0
27540,1422.19,1565.78,143.58,10.1,0.63,0.08,12798,0.02,0
27314,1324.43,1238.45,-85.98,-6.49,0.55,0.04,36216,0.01,0
28723,1421.39,1557.72,136.32,9.59,0.31,0.03,21333,0.01,0
28515,1100.36,891.33,-209.03,-19,0.19,0.06,5066,0.03,0
27242,1125.67,1144.1,18.42,1.64,0.42,0.04,14553,0.01,0
27942,1499.25,1416.64,-82.61,-5.51,0.83,0.08,15792,0.01,0
28627,1282.85,1396.36,113.51,8.85,0.26,0.04,11467,0.01,0
28441,1613.27,1653.17,39.9,2.47,0.39,0.07,10271,0.02,0
27805,1334.02,1432.03,98.01,7.35,0.22,0.04,7921,0.02,0
28635,972.67,1019.33,46.66,4.8,0.2,0.03,6875,0.01,0
28523,878.83,930.73,51.9,5.91,0.26,0.05,6858,0.02,0
28752,944.07,1040.25,96.18,10.19,0.4,0.04,10202,0.01,0
28369,1554.18,1447.53,-106.64,-6.86,0.55,0.09,11866,0.02,0
28360,1440.19,1542.95,102.76,7.14,0.61,0.09,15458,0.02,0
28532,1171.64,1260.51,88.88,7.59,0.58,0.07,17657,0.02,0
27581,1186.74,1196.1,9.35,0.79,0.77,0.07,12615,0.01,0
28694,1235.25,1291.5,56.25,4.55,0.22,0.03,10083,0.01,0
28665,1241.72,1242.52,0.8,0.06,0.21,0.04,8601,0.01,0
28376,1562.28,1633.23,70.95,4.54,0.84,0.16,11200,0.03,0
27935,1233.75,1418.85,185.11,15,0.49,0.05,14161,0.01,0
28781,1625.54,1556.49,-69.06,-4.25,0.13,0.02,10980,0.01,0
27959,1764.52,1925.87,161.35,9.14,0.13,0.02,15063,0.02,0
28351,1232.33,1364.2,131.87,10.7,0.54,0.09,9942,0.02,0
28396,1500.25,1488.51,-11.75,-0.78,0.52,0.07,14055,0.02,0
28677,1065.57,1191.42,125.85,11.81,0.49,0.05,11532,0.02,0
27107,1038.74,1122.83,84.09,8.1,0.43,0.05,9513,0.02,0
27127,994.3,1105.43,111.13,11.18,0.41,0.05,9318,0.02,0
28689,1089.83,1196.74,106.9,9.81,0.33,0.04,11552,0.01,0
27020,1108.95,1044.13,-64.83,-5.85,0.34,0.05,7412,0.01,0
28079,1278.94,1396.67,117.73,9.21,0.55,0.07,11925,0.03,0
27344,1056.59,1189.15,132.56,12.55,0.52,0.04,15595,0.01,0
27217,950.17,1044.31,94.14,9.91,0.52,0.06,10347,0.03,0
27258,996.22,1123.46,127.24,12.77,0.43,0.04,15507,0.02,0
28657,1046.33,1119.3,72.96,6.97,0.31,0.03,13958,0.01,0
27349,1040.96,1109.95,68.98,6.63,0.54,0.05,12082,0.02,0
28227,1313.94,1418.3,104.36,7.94,0.59,0.07,13001,0.03,0
28138,1122.32,1209.08,86.76,7.73,0.49,0.06,11259,0.02,0
27560,1336.02,1506.14,170.12,12.73,0.69,0.1,11467,0.03,0
27834,1557.35,1685.07,127.71,8.2,0.36,0.05,12920,0.02,0
27701,1349.69,1549.97,200.28,14.84,0.3,0.04,11935,0.02,0
27105,1012.27,1140.14,127.87,12.63,0.62,0.07,9903,0.03,0
27705,1411.07,1587.72,176.65,12.52,0.4,0.05,12904,0.01,0
28572,1567.52,1626.47,58.95,3.76,0.58,0.1,10453,0.02,0
28460,929.95,963.04,33.08,3.56,0.54,0.07,15147,0.01,0
28403,994.5,1213.24,218.74,21.99,0.5,0.04,21895,0.01,0
28208,1057.86,1153.61,95.74,9.05,0.62,0.07,11879,0.04,0
28304,1489.52,1676.67,187.15,12.56,0.51,0.11,10477,0.03,0
28365,1492.08,1587.56,95.48,6.4,0.61,0.08,14964,0.02,0
27822,1275.91,1412.2,136.29,10.68,0.75,0.08,14082,0.01,0
27889,1171.57,1183.53,11.97,1.02,0.31,0.03,14266,0.02,0
27888,1369.17,1466.59,97.43,7.12,0.54,0.06,14520,0.02,0
28318,1591.75,1660.56,68.81,4.32,0.71,0.08,20832,0.03,0
28399,1705.68,1888.35,182.67,10.71,0.62,0.08,16203,0.01,0
28601,1132.43,1219.06,86.63,7.65,0.67,0.06,13827,0.02,0
28526,1054.93,1155.21,100.28,9.51,1.03,0.06,29733,0.02,0
28673,1330.92,1432.05,101.13,7.6,0.5,0.05,13969,0.02,0
28754,1357.45,1424.93,67.48,4.97,0.3,0.03,17087,0.01,0
28339,1227.49,1389.56,162.06,13.2,0.58,0.08,11341,0.02,0
28021,1100.22,1184.87,84.64,7.69,0.6,0.06,11557,0.01,0
28168,1044.53,1067.78,23.25,2.23,0.58,0.05,14181,0.01,0
28326,1570.11,1751.45,181.34,11.55,0.58,0.11,11562,0.02,0
27215,1101.67,1198.36,96.69,8.78,0.45,0.05,12269,0.02,0
28174,1083.35,1193.5,110.15,10.17,0.43,0.06,8784,0.03,0
29322,1305.76,1347.42,41.67,3.19,0.45,0.05,14871,0.01,0
29512,1328.08,1357.1,29.02,2.18,0.49,0.09,10745,0.01,0
29566,1898.91,1826.59,-72.32,-3.81,0.17,0.03,12958,0.18,0
29685,2682.99,2948.86,265.88,9.91,0.44,0.05,26041,0.01,0
29635,1474.08,1496.01,21.93,1.49,0.55,0.04,20386,0.01,0
29547,1523.62,1597.49,73.87,4.85,0.4,0.08,14915,0.01,0
24333,882.56,993.26,110.7,12.54,0.38,0.03,11629,0.01,0
23434,1457.42,1561.47,104.05,7.14,0.36,0.05,11749,0.03,0
24148,926.52,1028.44,101.92,11,0.35,0.04,9774,0.01,0
23847,1094.83,1254.96,160.13,14.63,0.62,0.05,16889,0.02,0
29709,1380.18,1334.92,-45.26,-3.28,0.3,0.06,8236,0.01,0
29708,1553.73,1693.77,140.04,9.01,0.5,0.07,12586,0.03,0
29715,1432.15,1529.46,97.31,6.79,0.47,0.06,13306,0.04,0
29525,1529.97,1532.22,2.25,0.15,1.61,0.12,49094,0.01,0
23927,1181.94,1313.54,131.6,11.13,0.34,0.04,13398,0.01,0
29545,1986,1933.2,-52.8,-2.66,0.73,0.05,28219,0.01,0
29707,1352.96,1464.49,111.53,8.24,0.35,0.03,16369,0.02,0
29702,1177.31,1210.76,33.45,2.84,0.45,0.04,15973,0.01,0
24054,971.67,1042.68,71.01,7.31,0.45,0.05,10969,0.01,0
24363,982.84,1106.72,123.88,12.6,0.49,0.02,25002,0.01,0
29728,1303.5,1227.46,-76.04,-5.83,0.27,0.04,10320,0.04,0
24165,951.53,1041.26,89.73,9.43,0.27,0.03,8421,0.01,0
24348,928.99,1039.88,110.9,11.94,0.22,0.02,9581,0.01,0
24529,1134.85,1272.72,137.87,12.15,0.61,0.06,16108,0.01,0
23322,1707.25,1856.48,149.23,8.74,0.23,0.03,14097,0.03,0
23919,1225.15,1312.97,87.82,7.17,0.25,0.04,8452,0.01,0
23845,1398.66,1758.38,359.72,25.72,0.42,0.04,16488,0,0
24351,859.06,896.25,37.19,4.33,0.4,0.05,6511,0.01,0
23438,1516.19,1671.31,155.12,10.23,0.24,0.03,13763,0.02,0
23874,1191.89,1392.28,200.38,16.81,0.21,0.04,5469,0.01,0
23827,1219.1,1362.17,143.07,11.74,0.33,0.03,13773,0.02,0
29356,1580.53,1628.66,48.14,3.05,0.56,0.06,17829,0.01,0
29671,1150.59,1199.54,48.96,4.25,0.45,0.05,13074,0.01,0
23857,1360.29,1453.83,93.54,6.88,0.28,0.04,10218,0.01,0
24598,993.06,1154.22,161.16,16.23,0.2,0.04,6774,0,0
24171,916.16,1011.19,95.03,10.37,0.25,0.03,7761,0.01,0
29596,1307.74,1283.26,-24.49,-1.87,0.87,0.09,16310,0.01,0
29520,1379.7,1412.78,33.08,2.4,0.32,0.06,10844,0.01,0
29710,1494.16,1569.59,75.43,5.05,0.48,0.06,14573,0.03,0
29676,1878.93,2043.03,164.1,8.73,0.67,0.07,20947,0,0
29664,1089.16,1204.33,115.17,10.57,0.23,0.03,10279,0,0
29582,1999.43,2333.9,334.48,16.73,0.14,0.02,14284,0.08,0
29569,1867.39,1780.44,-86.95,-4.66,0.33,0.05,14011,0.03,0
29341,1200.28,1293.6,93.32,7.78,0.57,0.07,11289,0.01,0
29720,1302.8,1334.5,31.69,2.43,0.38,0.05,11968,0.02,0
29563,1584.69,1663.08,78.39,4.95,0.39,0.06,9709,0.01,0
29323,1181.2,1254.25,73.04,6.18,0.59,0.06,14708,0.01,0
29690,1322.37,1408.35,85.98,6.5,0.46,0.06,12264,0.01,0
29661,1291.07,1417.12,126.05,9.76,0.66,0.05,18068,0.01,0
29581,1837.94,1756.21,-81.73,-4.45,0.22,0.05,8898,0.02,0
24541,980.27,1115.58,135.31,13.8,0.54,0.05,13154,0.01,0
24069,995.02,1057.73,62.72,6.3,0.22,0.04,6125,0.01,0
23457,2472.26,2540.84,68.58,2.77,0.2,0.04,16317,0.03,0
29568,1900.33,1649.97,-250.35,-13.17,0.26,0.04,14372,0.16,0
29745,1333.03,1370.24,37.21,2.79,0.4,0.05,13411,0.02,0
29536,1584.43,1591.11,6.68,0.42,0.37,0.07,13096,0.01,0
29570,1379.56,1315.34,-64.22,-4.66,0.42,0.09,6927,0.01,0
23851,1146.31,1334.14,187.83,16.39,0.64,0.06,14738,0.01,0
24317,825.49,877.36,51.87,6.28,0.71,0.05,18364,0.01,0
23917,1213.79,1396.43,182.64,15.05,0.49,0.04,15884,0.01,0
23887,1408.74,1447.42,38.67,2.75,0.46,0.05,16453,0.01,0
24580,1022.25,1202.71,180.45,17.65,1.02,0.08,10720,0.01,0
37722,1464.64,1394.03,-70.62,-4.82,0.64,0.03,34400,0.01,0
37727,1618.21,1531.09,-87.12,-5.38,0.42,0.02,36175,0,0
37691,1802.42,1628.87,-173.54,-9.63,0.12,0.01,4498,0,0
37650,1175.49,1158.68,-16.81,-1.43,0.23,0.02,11981,0.01,0
37753,1557.25,1501.06,-56.19,-3.61,0.04,0.01,2115,0,0
37385,1506.86,1530.31,23.45,1.56,0.36,0.03,21833,0.01,0
37882,1722.79,1732.03,9.25,0.54,0.23,0.02,18006,0.01,0
37317,1680.9,1812.23,131.33,7.81,0.45,0.03,31452,0,0
37738,1803.82,1828.04,24.22,1.34,3.5,0.06,102547,0.01,0
37687,1355.42,1332.68,-22.74,-1.68,0.51,0.02,35611,0.01,0
37640,1812.62,1712.87,-99.75,-5.5,0.17,0.02,16580,0.01,0
37885,2064.96,2028.96,-36,-1.74,0.32,0.03,22462,0,0
37391,1754,1910.3,156.3,8.91,0.58,0.04,34413,0,0
37641,1317.16,1272.04,-45.12,-3.43,0.43,0.04,18135,0.01,0
37657,1969.56,1674.64,-294.91,-14.97,0.03,0.01,3821,0.01,0
37683,1398.02,1339.05,-58.97,-4.22,0.15,0.02,9614,0.01,0
37692,1361.36,1334.91,-26.45,-1.94,0.23,0.03,12881,0.01,0
37743,1326.22,1316.85,-9.37,-0.71,0.32,0.03,15363,0.01,0
